-- =========================
-- サンプルチームを追加
-- =========================
INSERT INTO teams
    (team_id, team_name, team_reader)
VALUES
    ('A01', 'BLACK', '010000000001'),
    ('A02', 'WHITE', '020000000001'),
    ('B01', 'DRAGON', '030000000001');

-- =========================
-- サンプルプレイヤーを追加
-- =========================
INSERT INTO players
    (player_id, player_name)
VALUES
    ('010100000001', 'プレイヤーA1'),
    ('010100000002', 'プレイヤーA2'),
    ('010100000003', 'プレイヤーA3'),
    ('010100000004', 'プレイヤーA4'),
    ('010100000005', 'プレイヤーA5'),
    ('010100000006', 'プレイヤーA6'),
    ('010100000007', 'プレイヤーA7'),
    ('020100000001', 'プレイヤーB1'),
    ('020100000002', 'プレイヤーB2'),
    ('020100000003', 'プレイヤーB3'),
    ('020100000004', 'プレイヤーB4'),
    ('020100000005', 'プレイヤーB5'),
    ('020100000006', 'プレイヤーB6'),
    ('020100000007', 'プレイヤーB7'),
    ('030100000001', 'プレイヤーC1'),
    ('030100000002', 'プレイヤーC2'),
    ('030100000003', 'プレイヤーC3'),
    ('030100000004', 'プレイヤーC4'),
    ('030100000005', 'プレイヤーC5'),
    ('030100000006', 'プレイヤーC6'),
    ('030100000007', 'プレイヤーC7');

-- =========================
-- チームメンバーを追加（中間テーブル）
-- =========================
INSERT INTO team_members
    (team_id, player_id)
VALUES
    ('A01', '010100000001'),
    ('A01', '010100000002'),
    ('A01', '010100000003'),
    ('A01', '010100000004'),
    ('A01', '010100000005'),
    ('A01', '010100000006'),
    ('A01', '010100000007'),
    ('A02', '020100000001'),
    ('A02', '020100000002'),
    ('A02', '020100000003'),
    ('A02', '020100000004'),
    ('A02', '020100000005'),
    ('A02', '020100000006'),
    ('A02', '020100000007'),
    ('B01', '030100000001'),
    ('B01', '030100000002'),
    ('B01', '030100000003'),
    ('B01', '030100000004'),
    ('B01', '030100000005'),
    ('B01', '030100000006'),
    ('B01', '030100000007');

-- =========================
-- 管理者ユーザーを追加
-- =========================
INSERT INTO users
    (user_id, pass, user_name)
VALUES
    ('admin2601', 'eY5f8Bnd', '管理者ユーザー');
